1;Оиповраи;1;3;вапшврашп;product_pics/mydal-bunk-bed-frame__0636259_PE697760_S5.webp;0;1;1;0;12999
2;Равхызвша;1;4;Амворамыв;product_pics/tuffing-bunk-bed-frame__0638044_PE698660_S5.webp;0;1;1;0;8999
3;Выопворым;1;2;ТШЫГВИа;product_pics/smagoera-cot__0772932_PE756150_S5.webp;0;1;1;0;6999
4;Кпыворпам;1;3;Вваыаываыв;product_pics/sniglar-crib__0637932_PE698617_S5.webp;0;1;1;0;5599
5;Вмрпмрпм;1;3;ыорвапры;product_pics/neiden-bed-frame__0749131_PE745500_S5.webp;0;1;1;0;10999
6;Жывлаоты;1;3;ыивашир;product_pics/neiden-bed-frame__0749132_PE745501_S5.webp;0;1;1;0;4999
7;Аджчсьмд;2;2;ывапвапвап;product_pics/ingolf-bar-stool-with-backrest__0728062_PE736035_S5.webp;0;1;1;0;6799
8;1лоивалоип;4;2;апвапвап;product_pics/pax-corner-wardrobe__0626010_PE692560_S5.webp;0;1;1;0;21999
9;2овиап;4;2;воаипшваи;product_pics/pax-grimo-vikedal-corner-wardrobe__0780639_PE760146_S5.webp;0;1;1;0;43099
10;3воариповраип;4;1;валпоивлоапи;product_pics/pax-repvag-vikedal-corner-wardrobe__0800786_PE768028_S5.webp;0;1;1;0;36999
11;4иадолрвиа;4;3;вапвапвапвап;product_pics/pax-repvag-vikedal-corner-wardrobe__0800797_PE768035_S5.webp;0;1;1;0;23999
12;5авпивлаопит;4;5;апвапвапвап;product_pics/busunge-wardrobe__0642669_PE701351_S5.webp;20;1;1;1;8999
13;6лоивашпори;4;6;орвиапорвиап;product_pics/stuva-fritids-wardrobe__0614976_PE687102_S5.webp;0;1;0;0;12999
14;7вапвапва;4;7;авпвадоптвап;product_pics/stuva-fritids-wardrobe__0586099_PE671960_S5.webp;0;0;1;0;11299
15;8флджоытув;4;2;валгпрваоипр;product_pics/stuva-fritids-wardrobe__0586086_PE671954_S5.webp;0;1;1;0;14999
16;9;4;2;вапвапмиапв;product_pics/9.webp;0;1;1;0;24999
17;10;4;1;вапвапвапвап;product_pics/10.webp;0;1;1;0;35009
18;11авпапва;4;3;овпымарыпвма;product_pics/11.webp;0;1;1;0;29999
19;12алопвиа;4;2;ролывиашри;product_pics/12.webp;0;1;1;0;36099
20;13вораипдв;4;2;орыива;product_pics/13.webp;0;1;1;0;41999
21;14ждылфт;4;3;вапваопт;product_pics/14.webp;0;1;1;0;37899
